Subreddit,Num. Users,Source,Similar_size_non-hate_subreddit
AskTRP,"87,367",Banned_list,Genshin_Impact
Braincels,"45,817",Wikipedia,RocketLeagueExchange
Incels,"37,619",Prior_research,samuraijack
MGTOW,"125,481",Wikipedia,PokemonGoFriends
TheRedPill,"126,648",Wikipedia,PoliticalCompassMemes
TruFemcels,"12,447",Wikipedia,Earnin
CoonTown,"11,042",Prior_research,MCPE
GreatApes,"3,139",Prior_research,sneakerreps
WhiteRights,"9,191",Banned_list,ForeverAloneWomen
CCJ2,"4,424",Banned_list,RiseOfKingdoms
Honkler,"3,086",Wikipedia,PixelGun
frenWorld,"17,604",Wikipedia,ShitPostCrusaders
SJWHate,"29,384",Banned_list,ApplyingToCollege
milliondollarextreme,"26,563",Wikipedia,Paladins
CringeAnarchy,"246,587",Wikipedia,forhonor
trolling,"4,800",Banned_list,antimeme
FuckYou,"12,803",Banned_list,Rants
Neof*g,945,Wikipedia,Repsneakers
TrollGC,"5,807",Banned_list,OrnaRPG
GenderCritical,"55,004",Wikipedia,truerateme
dolan,"11,679",Banned_list,shareyourmusic
ImGoingToHellForThis,"450,915",Banned_list,niceguys
opieandanthony,"31,793",Banned_list,fo76
DelrayMisfits,"4,381",Banned_list,ninjavoltage
FatPeopleHate,"56,340",Prior_research,Planetside